{
    "name": "root",
    "gauges": {
        "Balls.Policy.Entropy.mean": {
            "value": -0.3461601734161377,
            "min": -0.3461601734161377,
            "max": 0.4538573920726776,
            "count": 372
        },
        "Balls.Policy.Entropy.sum": {
            "value": -11514.671875,
            "min": -11514.671875,
            "max": 15025.765625,
            "count": 372
        },
        "Balls.Environment.EpisodeLength.mean": {
            "value": 84.77777777777777,
            "min": 71.75060532687651,
            "max": 227.94656488549617,
            "count": 372
        },
        "Balls.Environment.EpisodeLength.sum": {
            "value": 29757.0,
            "min": 6283.0,
            "max": 30097.0,
            "count": 372
        },
        "Balls.Step.mean": {
            "value": 23519855.0,
            "min": 12389946.0,
            "max": 23519855.0,
            "count": 372
        },
        "Balls.Step.sum": {
            "value": 23519855.0,
            "min": 12389946.0,
            "max": 23519855.0,
            "count": 372
        },
        "Balls.Policy.ExtrinsicValueEstimate.mean": {
            "value": 0.269773930311203,
            "min": 0.16668231785297394,
            "max": 0.49259495735168457,
            "count": 372
        },
        "Balls.Policy.ExtrinsicValueEstimate.sum": {
            "value": 94.4208755493164,
            "min": 40.68197250366211,
            "max": 174.3786163330078,
            "count": 372
        },
        "Balls.Policy.GailValueEstimate.mean": {
            "value": 23.87509536743164,
            "min": 20.04730224609375,
            "max": 30.16905403137207,
            "count": 372
        },
        "Balls.Policy.GailValueEstimate.sum": {
            "value": 8356.283203125,
            "min": 2413.3291015625,
            "max": 10737.33203125,
            "count": 372
        },
        "Balls.Environment.CumulativeReward.mean": {
            "value": 0.054242389414991654,
            "min": -0.21384875329081401,
            "max": 0.6920971563521852,
            "count": 372
        },
        "Balls.Environment.CumulativeReward.sum": {
            "value": 18.984836295247078,
            "min": -18.390992783010006,
            "max": 212.30165797472,
            "count": 372
        },
        "Balls.Policy.ExtrinsicReward.mean": {
            "value": 0.054242389414991654,
            "min": -0.21384875329081401,
            "max": 0.6920971563521852,
            "count": 372
        },
        "Balls.Policy.ExtrinsicReward.sum": {
            "value": 18.984836295247078,
            "min": -18.390992783010006,
            "max": 212.30165797472,
            "count": 372
        },
        "Balls.Policy.GailReward.mean": {
            "value": 44.72688679013933,
            "min": 39.85846100263069,
            "max": 76.31024017042786,
            "count": 372
        },
        "Balls.Policy.GailReward.sum": {
            "value": 15654.410376548767,
            "min": 4356.459011077881,
            "max": 19138.681433677673,
            "count": 372
        },
        "Balls.IsTraining.mean": {
            "value": 1.0,
            "min": 1.0,
            "max": 1.0,
            "count": 372
        },
        "Balls.IsTraining.sum": {
            "value": 1.0,
            "min": 1.0,
            "max": 1.0,
            "count": 372
        },
        "Balls.Losses.PolicyLoss.mean": {
            "value": 0.015601041837362573,
            "min": 0.011881252119201236,
            "max": 0.024788228468969463,
            "count": 371
        },
        "Balls.Losses.PolicyLoss.sum": {
            "value": 0.015601041837362573,
            "min": 0.011881252119201236,
            "max": 0.04418059701953704,
            "count": 371
        },
        "Balls.Losses.ValueLoss.mean": {
            "value": 15.869933636983236,
            "min": 7.846041536331176,
            "max": 21.460817464192708,
            "count": 371
        },
        "Balls.Losses.ValueLoss.sum": {
            "value": 15.869933636983236,
            "min": 8.877758518854778,
            "max": 42.921634928385416,
            "count": 371
        },
        "Balls.Policy.LearningRate.mean": {
            "value": 0.00022949015350328994,
            "min": 0.00022949015350328994,
            "max": 0.0002627874454041889,
            "count": 371
        },
        "Balls.Policy.LearningRate.sum": {
            "value": 0.00022949015350328994,
            "min": 0.00022949015350328994,
            "max": 0.00052539011486997,
            "count": 371
        },
        "Balls.Policy.Epsilon.mean": {
            "value": 0.17649671000000006,
            "min": 0.17649671000000006,
            "max": 0.18759581099999992,
            "count": 371
        },
        "Balls.Policy.Epsilon.sum": {
            "value": 0.17649671000000006,
            "min": 0.17649671000000006,
            "max": 0.3751300299999999,
            "count": 371
        },
        "Balls.Policy.Beta.mean": {
            "value": 0.0038271858290000013,
            "min": 0.0038271858290000013,
            "max": 0.0043810309688999995,
            "count": 371
        },
        "Balls.Policy.Beta.sum": {
            "value": 0.0038271858290000013,
            "min": 0.0038271858290000013,
            "max": 0.008758988497,
            "count": 371
        },
        "Balls.Policy.GAILPolicyEstimate.mean": {
            "value": 0.3675632437070211,
            "min": 0.27195416639248526,
            "max": 0.44482268194357555,
            "count": 371
        },
        "Balls.Policy.GAILPolicyEstimate.sum": {
            "value": 0.3675632437070211,
            "min": 0.29888173639774324,
            "max": 0.8825211614370346,
            "count": 371
        },
        "Balls.Policy.GAILExpertEstimate.mean": {
            "value": 0.6297440509001414,
            "min": 0.5678370138009389,
            "max": 0.6930938363075256,
            "count": 371
        },
        "Balls.Policy.GAILExpertEstimate.sum": {
            "value": 0.6297440509001414,
            "min": 0.5678370138009389,
            "max": 1.3861876726150513,
            "count": 371
        },
        "Balls.Losses.GAILLoss.mean": {
            "value": 1.0426209886868796,
            "min": 0.8046263317267099,
            "max": 1.2339872598648072,
            "count": 371
        },
        "Balls.Losses.GAILLoss.sum": {
            "value": 1.0426209886868796,
            "min": 0.8694216926892598,
            "max": 2.4352617820103966,
            "count": 371
        },
        "Balls.Policy.GAILGradMagLoss.mean": {
            "value": 0.034136811768015224,
            "min": 0.01261876548329989,
            "max": 0.08853649745384852,
            "count": 371
        },
        "Balls.Policy.GAILGradMagLoss.sum": {
            "value": 0.034136811768015224,
            "min": 0.013916157030810913,
            "max": 0.08853649745384852,
            "count": 371
        },
        "Balls.Losses.PretrainingLoss.mean": {
            "value": 0.05068052435914675,
            "min": 0.04920989274978638,
            "max": 0.1938616360227267,
            "count": 371
        },
        "Balls.Losses.PretrainingLoss.sum": {
            "value": 0.05068052435914675,
            "min": 0.04920989274978638,
            "max": 0.3877232720454534,
            "count": 371
        }
    },
    "metadata": {
        "timer_format_version": "0.1.0",
        "start_time_seconds": "1650262792",
        "python_version": "3.9.0 (tags/v3.9.0:9cf6752, Oct  5 2020, 15:34:40) [MSC v.1927 64 bit (AMD64)]",
        "command_line_arguments": "Z:\\Python39\\Scripts\\mlagents-learn TrainingConfig/balls_config.yaml --run-id=Balls --resume",
        "mlagents_version": "0.28.0",
        "mlagents_envs_version": "0.28.0",
        "communication_protocol_version": "1.5.0",
        "pytorch_version": "1.7.1+cu110",
        "numpy_version": "1.22.3",